{
  "todos": {
    "Coordinator": {
      "1": {
        "id": "1",
        "content": "Create Admin Dashboard Master Data Forms",
        "details": "Implement comprehensive forms for creating master data including: 1. Property Registration Form (with site map uploads), 2. Property Value Master Form, 3. Cost Sheet Management Form, 4. Payment Milestones Configuration Form, 5. Customer Type Masters, 6. Project/Development Masters, 7. User Management Forms",
        "status": "completed",
        "priority": "high"
      },
      "2": {
        "id": "2",
        "content": "Fix Sales CRM Status Dropdown Functionality",
        "details": "Debug and fix the non-functioning status dropdown in Sales CRM that should allow changing customer/lead status. Ensure proper API integration and state updates.",
        "status": "completed",
        "priority": "high"
      },
      "3": {
        "id": "3",
        "content": "Implement Backend Database Schema for Master Data",
        "details": "Create Supabase tables for: properties_master, property_values, cost_sheets, payment_milestones, customer_types, projects_master, user_roles, permissions, workflows, and update existing tables as needed.",
        "status": "completed",
        "priority": "high"
      },
      "4": {
        "id": "4",
        "content": "Implement Role-Based Permission Grid System",
        "details": "Create a comprehensive role-based access control system in the Admin Dashboard including: 1. User Role Management (Admin, Manager, Sales, Finance, Customer Service), 2. Permission Grid Configuration (Create, Read, Update, Delete permissions for each module), 3. Module-wise Access Control (Dashboard, Sales CRM, Finance, Admin, Reports), 4. Dynamic Permission Assignment Interface",
        "status": "completed",
        "priority": "high"
      },
      "5": {
        "id": "5",
        "content": "Build Approval Workflow Configuration System",
        "details": "Develop a flexible workflow engine in the Admin Dashboard featuring: 1. Process Definition Interface (create custom approval workflows), 2. Multi-step Approval Chains (sequential and parallel approvals), 3. Conditional Workflow Logic (approvals based on amount, department, etc.), 4. Workflow Status Tracking and History, 5. Email/Notification System for Approvers, 6. Workflow Templates for common processes (expense approval, customer onboarding, etc.)",
        "status": "completed",
        "priority": "high"
      },
      "6": {
        "id": "6",
        "content": "Deploy and Test Complete System",
        "details": "Deploy the updated application with all master data forms, role-based permissions, workflow system, and fixed Sales CRM functionality. Perform comprehensive testing to ensure all features work correctly.",
        "status": "completed",
        "priority": "medium"
      },
      "7": {
        "id": "7",
        "content": "Implement Interactive Property Map with Quick Registration",
        "details": "Create an interactive property map section where: 1. Sales persons can visually browse and select individual villas/units on a property site map, 2. Click-to-select functionality for each villa/unit, 3. Quick registration process modal that launches when a villa is selected, 4. Integration with existing customer and property master data, 5. Visual indicators for villa status (available, reserved, sold), 6. Search and filter capabilities within the map view, 7. Integration with Sales CRM for seamless lead conversion",
        "status": "completed",
        "priority": "high"
      },
      "8": {
        "id": "8",
        "content": "Fix Critical Deployment Issue - Application Still Not Accessible",
        "details": "CRITICAL ISSUE: Multiple deployment URLs have failed (https://goew3hpxnoer.space.minimax.io and https://qdbj6cmcnsxd.space.minimax.io are both non-functional). User cannot access the application at all. Need to: 1. Use the user's provided Supabase credentials for proper backend integration, 2. Create a completely new, stable deployment, 3. Ensure all application features work correctly, 4. Provide a guaranteed working URL, 5. Test accessibility before confirming with user",
        "status": "completed",
        "priority": "critical"
      }
    }
  }
}