{
  "_source_id": 5,
  "sources": {
    "Diyar.bh Company Profile Research": {
      "https://www.diyar.bh/en": {
        "id": 1,
        "publisher": "Diyar Al Muharraq",
        "url": "https://www.diyar.bh/en",
        "title": "Diyar Al Muharraq Official Website",
        "info": "Comprehensive company information including business model as Bahrain's largest real estate development company, property portfolio with residential villas and commercial plots, 14+ development projects across Diyar Al Muharraq and North Islands, CSR initiatives, and contact information"
      },
      "https://www.diyar.bh/en/who-we-are": {
        "id": 2,
        "publisher": "Diyar Al Muharraq",
        "url": "https://www.diyar.bh/en/who-we-are",
        "title": "About Diyar Al Muharraq W.L.L - Who We Are",
        "info": "Company background as Bahrain's leading real estate master-planning pioneer, vision and mission statements, development approach for 12 sq km futuristic city across 7 islands integrating residential/commercial/recreational facilities"
      },
      "https://www.diyar.bh/en/blog/9/benefits-of-al-naseem-offer-from-diyar": {
        "id": 3,
        "publisher": "Diyar Al Muharraq",
        "url": "https://www.diyar.bh/en/blog/9/benefits-of-al-naseem-offer-from-diyar",
        "title": "Benefits of Al Naseem Offer From Diyar Al Muharraq",
        "info": "Specific pricing information for Al Naseem villas starting at BD 199,000 with 3 years free service charges"
      },
      "https://www.diyar.bh/en/press/108/in-a-real-estate-market-report-conducted-by-reradiyar-al-muharraq-named-most-traded-real-estate-project-in-bahrain": {
        "id": 4,
        "publisher": "Diyar Al Muharraq",
        "url": "https://www.diyar.bh/en/press/108/in-a-real-estate-market-report-conducted-by-reradiyar-al-muharraq-named-most-traded-real-estate-project-in-bahrain",
        "title": "RERA Ranks Diyar Al Muharraq Most Traded Real Estate Project",
        "info": "Market leadership data showing Diyar as most traded real estate project in Bahrain Q1 2024 by RERA with highest sales transactions, largest development company status"
      },
      "https://www.diyar.bh/en/about-us": {
        "id": 5,
        "publisher": "Diyar Al Muharraq",
        "url": "https://www.diyar.bh/en/about-us",
        "title": "About Diyar Al Muharraq City Development",
        "info": "Comprehensive city development details including subsidiary status under Kuwait Finance House-Kuwait, 10 sq km reclaimed land across 7 man-made islands, integrated facilities and diversified property portfolio"
      }
    }
  }
}